,size,utilitarian_GFW_e,egalitarian_GFW_e,nash_GFW_e,utilitarian_EPM_e,egalitarian_EPM_e,nash_EPM_e,utilitarian_COMB_e,egalitarian_COMB_e,nash_COMB_e
0,3x3,1.5560040276268907,0.6777785164051652,0.13053333271964082,1.5560040276268894,0.677778516405163,0.13053333271964063,1.5560040276271263,0.677778516405676,0.13053333271965886
1,4x4,1.4026154798354944,0.48324246482839656,0.006533930570666746,1.1999097802494465,0.39805931417028334,0.00684664591473645,1.1999097802498517,0.3980593141705142,0.006846645914746564
2,5x5,1.6688125849421929,0.48496007949462694,0.0015334670122606287,1.4814317520520497,0.4199787465554439,0.001966450218347338,1.4814317520602054,0.4199787465611279,0.0019664502183941368
3,6x6,1.8865027143127278,0.4966180447944036,0.0003601773376180244,1.6516053160532103,0.3421622772973255,0.00039214398545150443,1.6516053160533466,0.3421622772974771,0.00039214398545192857
4,7x7,1.4256695982559602,0.3354065853174415,3.164358955829918e-06,1.350377419515637,0.3131888068965321,3.221430746948149e-06,1.548511524125388,0.4059429707420201,3.6798066140546234e-06
5,8x8,1.4682666890775629,0.32920788980455956,4.298515034260422e-07,1.4682666890775713,0.32920788980456517,4.298515034260449e-07,1.5112662993073886,0.37430475676688224,4.028485038690196e-07
6,9x9,1.6467855218011194,0.33117400241315464,5.801330929071198e-08,1.6467855218011167,0.33117400241314754,5.80133092907127e-08,1.6467855218030223,0.33117400241397177,5.801330929137423e-08
7,10x10,1.397762453383445,0.2426703538845499,4.403587231880004e-10,1.4284259268176454,0.2749272529290882,1.2028735002716882e-09,1.428425926821496,0.2749272529294236,1.2028735003305814e-09
8,11x11,1.73066179572132,0.3178515848981618,1.9773986945055484e-10,1.7201527408134014,0.2897695958957307,2.4981662872687366e-10,1.7306617957344628,0.3178515848858726,1.9773986949024901e-10
9,12x12,1.6447693841634452,0.32505290872949016,1.5803937281961393e-12,1.5221855702095755,0.27699770754500147,2.182866904680192e-12,1.5476636542118234,0.29873322035689076,1.9277109896854256e-12
10,13x13,1.7906304965078805,0.2709211313879903,4.271430110025651e-13,1.6930826599920807,0.24252244218271962,1.1550650857998965e-12,1.6930826599925561,0.24252244218273722,1.1550650858048725e-12
11,14x14,1.8970483466438925,0.24065636578566293,6.881459888154755e-14,1.897048346643895,0.2406563657856618,6.881459888154854e-14,1.8970483466474501,0.24065636578483113,6.88145988853625e-14
12,15x15,1.7501080032204688,0.18888848579062517,8.634439625618332e-16,1.6068263957142588,0.20795385019887072,4.563210816953342e-16,1.7322814614444983,0.22896866952949613,7.714234115294039e-16
13,16x16,1.4822642083038047,0.20322372760333127,1.0208071181054832e-18,1.5214294190325668,0.2329863629305317,2.17699926993243e-18,1.5247788379131393,0.2629017313912788,1.923387926770872e-18
14,17x17,1.6743486382110218,0.23476582680517957,9.105967634701459e-19,1.7729519537129268,0.22629945109640084,1.9742254351762724e-18,1.7729519537254912,0.22629945109893213,1.974225435482701e-18
15,18x18,1.7377784706813406,0.1979354360651099,9.769518933519419e-21,1.5869217282484165,0.17919857074774548,8.184179352382818e-21,1.5869217282584853,0.17919857074869294,8.184179353498666e-21
16,19x19,1.8375466348726275,0.21210073842259455,5.862527563752228e-22,1.7948722164472055,0.20697555826749012,5.268849284547513e-22,1.7848334328406095,0.20877271820422463,4.990235544079424e-22
17,20x20,1.7013837459209564,0.22056813470160075,1.1710482043653565e-24,1.5345547324089945,0.18583679601765768,1.925139738259142e-24,1.536315651550458,0.19021710382723803,1.9170386559195786e-24
18,21x21,1.6990680695391478,0.19279432456471204,4.3912200016762334e-26,1.602009305426477,0.1771617459099444,7.162811345889594e-26,1.6020093054558697,0.17716174592115264,7.162811349137956e-26
19,22x22,2.038322091553843,0.2098056510833571,1.057838721100771e-25,1.8049516732065372,0.15920961704952605,5.643920480153717e-26,1.9585340246437364,0.20568296737237224,1.0514719310238742e-25
20,23x23,1.658272863057803,0.17100766293239436,1.356394405360243e-28,1.6575879466803674,0.14378043681840186,2.655629710703006e-28,1.6627142601486296,0.14686601799334212,2.5461087634800995e-28
21,24x24,1.638978090700749,0.17102262602016657,1.5867481037586205e-31,1.4803965197244193,0.14351404993619948,5.948596446029421e-32,1.6651559284606665,0.17654105079487376,1.2981634033337313e-31
22,25x25,1.9043661162416534,0.19797588496524848,2.4113069608031364e-32,1.516514528859259,0.16526613181174035,6.998230140228224e-33,1.86565573694865,0.22827139857946313,4.4155457459303287e-32
23,26x26,2.0273301599071476,0.16564175703239423,2.2694723962182938e-32,1.8779065430006003,0.15338644760736808,1.1814227460086993e-31,1.9600007277845688,0.16547853360259798,1.5573883538742622e-31
24,27x27,2.243517858281473,0.16573797513035463,9.46512407872285e-32,2.24893275326757,0.16671767393181472,9.480208046177507e-32,2.3003529093697086,0.17421694393235998,1.0289283897381885e-31
25,28x28,1.7994277685206783,0.1664603259086996,5.397411221343268e-37,1.8300981190192838,0.20108692932007968,1.3002606123492445e-36,1.8664386502025259,0.21729737214087125,1.2521407800397312e-36
26,29x29,1.60276621022433,0.13928114814196374,4.6914802200473946e-40,1.7766025843773883,0.15937292138672057,3.7999319692981914e-39,1.7085512493157093,0.1586265783830325,2.003224224688382e-39
27,30x30,2.137714190598192,0.19725031411768484,2.2262828241233183e-38,2.080099554736979,0.16922899607654973,4.483643830178905e-38,2.229643710002819,0.20860531745083052,4.1413922674709624e-38
28,31x31,2.1504680083132177,0.13743378041488552,5.566374964767749e-39,2.1388675011579172,0.12686661738226385,6.697701636952413e-39,2.157165888536153,0.14426624209167066,5.0252178936012237e-39
29,32x32,1.6626189522687709,0.14014977962257877,9.766394700286529e-45,1.6926673553122098,0.14122806840809926,5.996911181020922e-44,1.7122477006046313,0.15126102416722503,5.789648377919683e-44
30,33x33,,,,,,,,,
31,34x34,2.1354450545442822,0.13729991188246438,9.892668609341942e-46,1.970443836801859,0.16692746310545944,7.233490948267419e-46,1.9710988772523355,0.16938050767552026,6.069313774744745e-46
32,35x35,,,,,,,,,
33,36x36,1.9767421116951032,0.16373577006170859,5.962081444322573e-50,1.731058923642587,0.12895534758276808,2.9692213870422124e-50,1.860577842812871,0.15964920369135022,5.75073057307345e-50
34,37x37,2.0465988663252266,0.14615746773250382,3.05748184490963e-51,1.9300919574304731,0.13302075374312197,1.7691066554543067e-51,1.6758072255495493,0.10211913148840068,6.881262926564644e-53
35,38x38,2.0235528068289526,0.13227022205906677,2.904779815263797e-52,1.9514322095570764,0.1273098544306208,2.058300459530583e-52,2.100357269230453,0.13587887806030968,2.4818583955962587e-52
36,39x39,2.0325744098853584,0.17493586554273627,2.0435259444620207e-54,2.1789633382488516,0.15756924246421908,8.210363594456682e-54,2.204483061678563,0.1577826375074276,5.0699966308378816e-54
37,40x40,2.09825962808426,0.1685801884920249,7.036187395392038e-57,1.8797561753903578,0.11652645183570219,5.676032159808452e-57,1.8997254849096414,0.12443265802393906,3.6844984239966455e-57
38,41x41,2.2225419442391527,0.13874902584250404,2.5567533522427442e-56,2.1822928604535723,0.13373132148725395,2.8694306800866283e-56,2.179839650574554,0.1355490292555112,2.2889318149833243e-56
39,42x42,1.833285129162408,0.11766977533887678,3.6570021395370684e-61,1.8103363905509164,0.1479601797255297,1.5158721727677652e-61,2.0096671371633215,0.1424868007095692,1.8184352891515522e-60
40,43x43,2.327025032106265,0.1667461816767732,9.087659270347982e-61,2.2945645675221313,0.16206571656739258,9.827047255065127e-61,2.216972479691622,0.17565925491994372,3.8631550022037125e-61
41,44x44,1.9975144038541899,0.11791683416770014,8.328846570016879e-64,1.9896419588087446,0.11575864006339114,1.0208885000082693e-63,2.00700715655168,0.12370435644902761,8.44331497768894e-64
42,45x45,1.9129397421788437,0.09160959531616328,2.1040859814159066e-65,1.8974821503143218,0.09229718299018154,1.9012213949433478e-65,1.9416050197822539,0.09276767058321272,1.814785876575627e-65
43,46x46,1.8631410536686945,0.12491266333708036,6.860724220580746e-72,1.789389872475475,0.11094298072292563,4.722883671596275e-71,1.8005361660701744,0.1294237296246239,2.1278577775124095e-71
44,47x47,2.02002670195256,0.1307066801432156,8.086925574415287e-71,1.9667688807044679,0.10965350817913395,1.7049838093641722e-70,2.015397408204299,0.13101779041387032,5.889245358548608e-71
45,48x48,2.13537290794896,0.09997479880882472,6.428214383832349e-70,1.9538672739425977,0.08276081390847448,7.635886059464706e-71,2.0758556988691605,0.09955741296318216,3.481514169741238e-70
46,49x49,2.2205340511048206,0.13798009874083048,7.314570414815034e-74,2.1776626508226435,0.11822998949779229,1.9820799836362098e-71,2.2554238574116465,0.1274985793751823,1.8911609394636926e-71
47,50x50,2.2353791454592282,0.14170473885360862,1.8388380238834403e-73,2.229298523178885,0.13359277195855268,2.2438133655316726e-73,2.2343088144920586,0.13179197837906748,2.2391974196071266e-73
